,Unnamed: 0.65,Unnamed: 0.64,Unnamed: 0.63,Unnamed: 0.62,Unnamed: 0.61,Unnamed: 0.60,Unnamed: 0.59,Unnamed: 0.58,Unnamed: 0.57,Unnamed: 0.56,Unnamed: 0.55,Unnamed: 0.54,Unnamed: 0.53,Unnamed: 0.52,Unnamed: 0.51,Unnamed: 0.50,Unnamed: 0.49,Unnamed: 0.48,Unnamed: 0.47,Unnamed: 0.46,Unnamed: 0.45,Unnamed: 0.44,Unnamed: 0.43,Unnamed: 0.42,Unnamed: 0.41,Unnamed: 0.40,Unnamed: 0.39,Unnamed: 0.38,Unnamed: 0.37,Unnamed: 0.36,Unnamed: 0.35,Unnamed: 0.34,Unnamed: 0.33,Unnamed: 0.32,Unnamed: 0.31,Unnamed: 0.30,Unnamed: 0.29,Unnamed: 0.28,Unnamed: 0.27,Unnamed: 0.26,Unnamed: 0.25,Unnamed: 0.24,Unnamed: 0.23,Unnamed: 0.22,Unnamed: 0.21,Unnamed: 0.20,Unnamed: 0.19,Unnamed: 0.18,Unnamed: 0.17,Unnamed: 0.16,Unnamed: 0.15,Unnamed: 0.14,Unnamed: 0.13,Unnamed: 0.12,Unnamed: 0.11,Unnamed: 0.10,Unnamed: 0.9,Unnamed: 0.8,Unnamed: 0.7,Unnamed: 0.6,Unnamed: 0.5,Unnamed: 0.4,Unnamed: 0.3,Unnamed: 0.2,Unnamed: 0.1,Unnamed: 0,ticker,companyshortname,startdatetime,startdatetimetype,epsestimate,epsactual,epssurprisepct,timeZoneShortName,gmtOffsetMilliSeconds,quoteType
0,0,0,0,0,0,0,0,0,0,0,0,0,0,0,0,0,0,0,0,0,0,0,0,0,0,0,0,0,0,0,0,0,0,0,0,0,0,0,0,0,0,0,0,0,0,0,0,0,0,0,0,0,0,0,0,0,0,0,0,0,0,0,0,0,0,0,AAPL,Apple Inc,2022-04-28T20:00:00.000Z,AMC,1.43,,,EDT,-14400000,EQUITY
1,1,1,1,1,1,1,1,1,1,1,1,1,1,1,1,1,1,1,1,1,1,1,1,1,1,1,1,1,1,1,1,1,1,1,1,1,1,1,1,1,1,1,1,1,1,1,1,1,1,1,1,1,1,1,1,1,1,1,1,1,1,1,1,1,1,1,AAPL,Apple Inc.,2022-01-27T16:30:00.000Z,TAS,1.89,2.1,11.17,EST,-18000000,EQUITY
2,2,2,2,2,2,2,2,2,2,2,2,2,2,2,2,2,2,2,2,2,2,2,2,2,2,2,2,2,2,2,2,2,2,2,2,2,2,2,2,2,2,2,2,2,2,2,2,2,2,2,2,2,2,2,2,2,2,2,2,2,2,2,2,2,2,2,AAPL,Apple Inc.,2021-10-28T16:30:00.000Z,TAS,1.24,1.24,0.32,EDT,-14400000,EQUITY
3,3,3,3,3,3,3,3,3,3,3,3,3,3,3,3,3,3,3,3,3,3,3,3,3,3,3,3,3,3,3,3,3,3,3,3,3,3,3,3,3,3,3,3,3,3,3,3,3,3,3,3,3,3,3,3,3,3,3,3,3,3,3,3,3,3,3,AAPL,Apple Inc.,2021-07-27T16:30:00.000Z,TAS,1.01,1.3,29.1,EDT,-14400000,EQUITY
4,4,4,4,4,4,4,4,4,4,4,4,4,4,4,4,4,4,4,4,4,4,4,4,4,4,4,4,4,4,4,4,4,4,4,4,4,4,4,4,4,4,4,4,4,4,4,4,4,4,4,4,4,4,4,4,4,4,4,4,4,4,4,4,4,4,4,AAPL,Apple Inc.,2021-04-28T16:30:00.000Z,TAS,0.99,1.4,41.84,EDT,-14400000,EQUITY
5,5,5,5,5,5,5,5,5,5,5,5,5,5,5,5,5,5,5,5,5,5,5,5,5,5,5,5,5,5,5,5,5,5,5,5,5,5,5,5,5,5,5,5,5,5,5,5,5,5,5,5,5,5,5,5,5,5,5,5,5,5,5,5,5,5,5,AAPL,Apple Inc.,2021-01-27T16:31:00.000Z,TAS,1.41,1.68,18.98,EST,-18000000,EQUITY
6,6,6,6,6,6,6,6,6,6,6,6,6,6,6,6,6,6,6,6,6,6,6,6,6,6,6,6,6,6,6,6,6,6,6,6,6,6,6,6,6,6,6,6,6,6,6,6,6,6,6,6,6,6,6,6,6,6,6,6,6,6,6,6,6,6,6,AAPL,Apple Inc.,2020-10-29T16:32:00.000Z,TAS,0.7,0.73,4.29,EDT,-14400000,EQUITY
7,7,7,7,7,7,7,7,7,7,7,7,7,7,7,7,7,7,7,7,7,7,7,7,7,7,7,7,7,7,7,7,7,7,7,7,7,7,7,7,7,7,7,7,7,7,7,7,7,7,7,7,7,7,7,7,7,7,7,7,7,7,7,7,7,7,7,AAPL,Apple Inc.,2020-07-30T16:33:00.000Z,TAS,0.51,0.65,26.22,EDT,-14400000,EQUITY
8,8,8,8,8,8,8,8,8,8,8,8,8,8,8,8,8,8,8,8,8,8,8,8,8,8,8,8,8,8,8,8,8,8,8,8,8,8,8,8,8,8,8,8,8,8,8,8,8,8,8,8,8,8,8,8,8,8,8,8,8,8,8,8,8,8,8,AAPL,Apple Inc.,2020-04-30T16:30:00.000Z,TAS,0.56,0.64,12.92,EDT,-14400000,EQUITY
9,9,9,9,9,9,9,9,9,9,9,9,9,9,9,9,9,9,9,9,9,9,9,9,9,9,9,9,9,9,9,9,9,9,9,9,9,9,9,9,9,9,9,9,9,9,9,9,9,9,9,9,9,9,9,9,9,9,9,9,9,9,9,9,9,9,9,AAPL,Apple Inc.,2020-01-28T16:30:00.000Z,TAS,1.14,1.25,9.76,EST,-18000000,EQUITY
10,10,10,10,10,10,10,10,10,10,10,10,10,10,10,10,10,10,10,10,10,10,10,10,10,10,10,10,10,10,10,10,10,10,10,10,10,10,10,10,10,10,10,10,10,10,10,10,10,10,10,10,10,10,10,10,10,10,10,10,10,10,10,10,10,10,10,AAPL,Apple Inc.,2019-10-30T16:30:00.000Z,TAS,0.71,0.76,6.76,EDT,-14400000,EQUITY
11,11,11,11,11,11,11,11,11,11,11,11,11,11,11,11,11,11,11,11,11,11,11,11,11,11,11,11,11,11,11,11,11,11,11,11,11,11,11,11,11,11,11,11,11,11,11,11,11,11,11,11,11,11,11,11,11,11,11,11,11,11,11,11,11,11,11,AAPL,Apple Inc.,2019-07-30T16:31:00.000Z,TAS,0.53,0.55,3.81,EDT,-14400000,EQUITY
12,12,12,12,12,12,12,12,12,12,12,12,12,12,12,12,12,12,12,12,12,12,12,12,12,12,12,12,12,12,12,12,12,12,12,12,12,12,12,12,12,12,12,12,12,12,12,12,12,12,12,12,12,12,12,12,12,12,12,12,12,12,12,12,12,12,12,AAPL,Apple Inc.,2019-04-30T16:30:00.000Z,TAS,0.59,0.62,4.24,EDT,-14400000,EQUITY
13,13,13,13,13,13,13,13,13,13,13,13,13,13,13,13,13,13,13,13,13,13,13,13,13,13,13,13,13,13,13,13,13,13,13,13,13,13,13,13,13,13,13,13,13,13,13,13,13,13,13,13,13,13,13,13,13,13,13,13,13,13,13,13,13,13,13,AAPL,Apple Inc.,2019-01-29T16:30:00.000Z,TAS,1.04,1.05,0.29,EST,-18000000,EQUITY
14,14,14,14,14,14,14,14,14,14,14,14,14,14,14,14,14,14,14,14,14,14,14,14,14,14,14,14,14,14,14,14,14,14,14,14,14,14,14,14,14,14,14,14,14,14,14,14,14,14,14,14,14,14,14,14,14,14,14,14,14,14,14,14,14,14,14,AAPL,Apple Inc.,2018-11-01T16:30:00.000Z,TAS,0.7,0.73,4.6,EDT,-14400000,EQUITY
15,15,15,15,15,15,15,15,15,15,15,15,15,15,15,15,15,15,15,15,15,15,15,15,15,15,15,15,15,15,15,15,15,15,15,15,15,15,15,15,15,15,15,15,15,15,15,15,15,15,15,15,15,15,15,15,15,15,15,15,15,15,15,15,15,15,15,AAPL,Apple Inc.,2018-07-31T16:30:00.000Z,TAS,2.18,2.34,7.29,EDT,-14400000,EQUITY
16,16,16,16,16,16,16,16,16,16,16,16,16,16,16,16,16,16,16,16,16,16,16,16,16,16,16,16,16,16,16,16,16,16,16,16,16,16,16,16,16,16,16,16,16,16,16,16,16,16,16,16,16,16,16,16,16,16,16,16,16,16,16,16,16,16,16,AAPL,Apple Inc.,2018-05-01T16:30:00.000Z,TAS,2.67,2.73,2.13,EDT,-14400000,EQUITY
17,17,17,17,17,17,17,17,17,17,17,17,17,17,17,17,17,17,17,17,17,17,17,17,17,17,17,17,17,17,17,17,17,17,17,17,17,17,17,17,17,17,17,17,17,17,17,17,17,17,17,17,17,17,17,17,17,17,17,17,17,17,17,17,17,17,17,AAPL,Apple Inc.,2018-02-01T16:30:00.000Z,TAS,3.86,3.89,0.86,EST,-18000000,EQUITY
18,18,18,18,18,18,18,18,18,18,18,18,18,18,18,18,18,18,18,18,18,18,18,18,18,18,18,18,18,18,18,18,18,18,18,18,18,18,18,18,18,18,18,18,18,18,18,18,18,18,18,18,18,18,18,18,18,18,18,18,18,18,18,18,18,18,18,AAPL,Apple Inc.,2017-11-02T16:30:00.000Z,TAS,1.87,2.07,10.87,EDT,-14400000,EQUITY
19,19,19,19,19,19,19,19,19,19,19,19,19,19,19,19,19,19,19,19,19,19,19,19,19,19,19,19,19,19,19,19,19,19,19,19,19,19,19,19,19,19,19,19,19,19,19,19,19,19,19,19,19,19,19,19,19,19,19,19,19,19,19,19,19,19,19,AAPL,Apple Inc.,2017-08-01T16:30:00.000Z,TAS,1.57,1.67,6.23,EDT,-14400000,EQUITY
20,20,20,20,20,20,20,20,20,20,20,20,20,20,20,20,20,20,20,20,20,20,20,20,20,20,20,20,20,20,20,20,20,20,20,20,20,20,20,20,20,20,20,20,20,20,20,20,20,20,20,20,20,20,20,20,20,20,20,20,20,20,20,20,20,20,20,AAPL,Apple Inc.,2017-05-02T16:30:00.000Z,TAS,2.02,2.1,3.96,EDT,-14400000,EQUITY
21,21,21,21,21,21,21,21,21,21,21,21,21,21,21,21,21,21,21,21,21,21,21,21,21,21,21,21,21,21,21,21,21,21,21,21,21,21,21,21,21,21,21,21,21,21,21,21,21,21,21,21,21,21,21,21,21,21,21,21,21,21,21,21,21,21,21,AAPL,Apple Inc.,2017-01-31T16:30:00.000Z,TAS,3.21,3.36,4.54,EST,-18000000,EQUITY
22,22,22,22,22,22,22,22,22,22,22,22,22,22,22,22,22,22,22,22,22,22,22,22,22,22,22,22,22,22,22,22,22,22,22,22,22,22,22,22,22,22,22,22,22,22,22,22,22,22,22,22,22,22,22,22,22,22,22,22,22,22,22,22,22,22,22,AAPL,Apple Inc.,2016-10-25T16:30:00.000Z,TAS,1.66,1.67,0.85,EDT,-14400000,EQUITY
23,23,23,23,23,23,23,23,23,23,23,23,23,23,23,23,23,23,23,23,23,23,23,23,23,23,23,23,23,23,23,23,23,23,23,23,23,23,23,23,23,23,23,23,23,23,23,23,23,23,23,23,23,23,23,23,23,23,23,23,23,23,23,23,23,23,23,AAPL,Apple Inc.,2016-07-26T16:30:00.000Z,TAS,1.38,1.42,2.6,EDT,-14400000,EQUITY
24,24,24,24,24,24,24,24,24,24,24,24,24,24,24,24,24,24,24,24,24,24,24,24,24,24,24,24,24,24,24,24,24,24,24,24,24,24,24,24,24,24,24,24,24,24,24,24,24,24,24,24,24,24,24,24,24,24,24,24,24,24,24,24,24,24,24,AAPL,Apple Inc.,2016-04-26T16:30:00.000Z,TAS,2.0,1.9,-4.9,EDT,-14400000,EQUITY
25,25,25,25,25,25,25,25,25,25,25,25,25,25,25,25,25,25,25,25,25,25,25,25,25,25,25,25,25,25,25,25,25,25,25,25,25,25,25,25,25,25,25,25,25,25,25,25,25,25,25,25,25,25,25,25,25,25,25,25,25,25,25,25,25,25,25,AAPL,Apple Inc.,2016-01-26T16:28:00.000Z,TAS,3.23,3.28,1.64,EST,-18000000,EQUITY
26,26,26,26,26,26,26,26,26,26,26,26,26,26,26,26,26,26,26,26,26,26,26,26,26,26,26,26,26,26,26,26,26,26,26,26,26,26,26,26,26,26,26,26,26,26,26,26,26,26,26,26,26,26,26,26,26,26,26,26,26,26,26,26,26,26,26,AAPL,Apple Inc.,2015-10-27T16:30:00.000Z,TAS,1.88,1.96,4.26,EDT,-14400000,EQUITY
27,27,27,27,27,27,27,27,27,27,27,27,27,27,27,27,27,27,27,27,27,27,27,27,27,27,27,27,27,27,27,27,27,27,27,27,27,27,27,27,27,27,27,27,27,27,27,27,27,27,27,27,27,27,27,27,27,27,27,27,27,27,27,27,27,27,27,AAPL,Apple Inc.,2015-07-21T16:30:00.000Z,TAS,1.81,1.85,2.15,EDT,-14400000,EQUITY
28,28,28,28,28,28,28,28,28,28,28,28,28,28,28,28,28,28,28,28,28,28,28,28,28,28,28,28,28,28,28,28,28,28,28,28,28,28,28,28,28,28,28,28,28,28,28,28,28,28,28,28,28,28,28,28,28,28,28,28,28,28,28,28,28,28,28,AAPL,Apple Inc.,2015-04-27T16:30:00.000Z,TAS,2.16,2.33,7.92,EDT,-14400000,EQUITY
29,29,29,29,29,29,29,29,29,29,29,29,29,29,29,29,29,29,29,29,29,29,29,29,29,29,29,29,29,29,29,29,29,29,29,29,29,29,29,29,29,29,29,29,29,29,29,29,29,29,29,29,29,29,29,29,29,29,29,29,29,29,29,29,29,29,29,AAPL,Apple Inc.,2015-01-27T16:30:00.000Z,TAS,2.6,3.06,17.51,EST,-18000000,EQUITY
30,30,30,30,30,30,30,30,30,30,30,30,30,30,30,30,30,30,30,30,30,30,30,30,30,30,30,30,30,30,30,30,30,30,30,30,30,30,30,30,30,30,30,30,30,30,30,30,30,30,30,30,30,30,30,30,30,30,30,30,30,30,30,30,30,30,30,AAPL,Apple Inc.,2014-10-20T16:30:00.000Z,TAS,1.31,1.42,8.81,EDT,-14400000,EQUITY
31,31,31,31,31,31,31,31,31,31,31,31,31,31,31,31,31,31,31,31,31,31,31,31,31,31,31,31,31,31,31,31,31,31,31,31,31,31,31,31,31,31,31,31,31,31,31,31,31,31,31,31,31,31,31,31,31,31,31,31,31,31,31,31,31,31,31,AAPL,Apple Inc.,2014-07-22T04:00:00.000Z,TAS,1.23,1.28,3.98,EDT,-14400000,EQUITY
32,32,32,32,32,32,32,32,32,32,32,32,32,32,32,32,32,32,32,32,32,32,32,32,32,32,32,32,32,32,32,32,32,32,32,32,32,32,32,32,32,32,32,32,32,32,32,32,32,32,32,32,32,32,32,32,32,32,32,32,32,32,32,32,32,32,32,AAPL,Apple Inc.,2014-04-23T04:00:00.000Z,TAS,1.46,1.66,13.99,EDT,-14400000,EQUITY
33,33,33,33,33,33,33,33,33,33,33,33,33,33,33,33,33,33,33,33,33,33,33,33,33,33,33,33,33,33,33,33,33,33,33,33,33,33,33,33,33,33,33,33,33,33,33,33,33,33,33,33,33,33,33,33,33,33,33,33,33,33,33,33,33,33,33,AAPL,Apple Inc.,2014-01-27T05:00:00.000Z,TAS,2.01,2.07,3.08,EST,-18000000,EQUITY
34,34,34,34,34,34,34,34,34,34,34,34,34,34,34,34,34,34,34,34,34,34,34,34,34,34,34,34,34,34,34,34,34,34,34,34,34,34,34,34,34,34,34,34,34,34,34,34,34,34,34,34,34,34,34,34,34,34,34,34,34,34,34,34,34,34,34,AAPL,Apple Inc.,2013-10-28T04:00:00.000Z,TAS,1.14,1.18,3.82,EDT,-14400000,EQUITY
35,35,35,35,35,35,35,35,35,35,35,35,35,35,35,35,35,35,35,35,35,35,35,35,35,35,35,35,35,35,35,35,35,35,35,35,35,35,35,35,35,35,35,35,35,35,35,35,35,35,35,35,35,35,35,35,35,35,35,35,35,35,35,35,35,35,35,AAPL,Apple Inc.,2013-07-23T04:00:00.000Z,TAS,1.05,1.07,2.05,EDT,-14400000,EQUITY
36,36,36,36,36,36,36,36,36,36,36,36,36,36,36,36,36,36,36,36,36,36,36,36,36,36,36,36,36,36,36,36,36,36,36,36,36,36,36,36,36,36,36,36,36,36,36,36,36,36,36,36,36,36,36,36,36,36,36,36,36,36,36,36,36,36,36,AAPL,Apple Inc.,2013-04-23T04:00:00.000Z,TAS,1.43,1.44,0.88,EDT,-14400000,EQUITY
37,37,37,37,37,37,37,37,37,37,37,37,37,37,37,37,37,37,37,37,37,37,37,37,37,37,37,37,37,37,37,37,37,37,37,37,37,37,37,37,37,37,37,37,37,37,37,37,37,37,37,37,37,37,37,37,37,37,37,37,37,37,37,37,37,37,37,AAPL,Apple Inc.,2013-01-23T05:00:00.000Z,TAS,1.92,1.97,2.52,EST,-18000000,EQUITY
38,38,38,38,38,38,38,38,38,38,38,38,38,38,38,38,38,38,38,38,38,38,38,38,38,38,38,38,38,38,38,38,38,38,38,38,38,38,38,38,38,38,38,38,38,38,38,38,38,38,38,38,38,38,38,38,38,38,38,38,38,38,38,38,38,38,38,AAPL,Apple Inc.,2012-10-25T04:00:00.000Z,TAS,1.25,1.24,-0.91,EDT,-14400000,EQUITY
39,39,39,39,39,39,39,39,39,39,39,39,39,39,39,39,39,39,39,39,39,39,39,39,39,39,39,39,39,39,39,39,39,39,39,39,39,39,39,39,39,39,39,39,39,39,39,39,39,39,39,39,39,39,39,39,39,39,39,39,39,39,39,39,39,39,39,AAPL,Apple Inc.,2012-07-24T04:00:00.000Z,TAS,1.48,1.33,-10.12,EDT,-14400000,EQUITY
40,40,40,40,40,40,40,40,40,40,40,40,40,40,40,40,40,40,40,40,40,40,40,40,40,40,40,40,40,40,40,40,40,40,40,40,40,40,40,40,40,40,40,40,40,40,40,40,40,40,40,40,40,40,40,40,40,40,40,40,40,40,40,40,40,40,40,AAPL,Apple Inc.,2012-04-24T04:00:00.000Z,TAS,1.43,1.76,22.55,EDT,-14400000,EQUITY
41,41,41,41,41,41,41,41,41,41,41,41,41,41,41,41,41,41,41,41,41,41,41,41,41,41,41,41,41,41,41,41,41,41,41,41,41,41,41,41,41,41,41,41,41,41,41,41,41,41,41,41,41,41,41,41,41,41,41,41,41,41,41,41,41,41,41,AAPL,Apple Inc.,2012-01-24T05:00:00.000Z,TAS,1.45,1.98,36.46,EST,-18000000,EQUITY
42,42,42,42,42,42,42,42,42,42,42,42,42,42,42,42,42,42,42,42,42,42,42,42,42,42,42,42,42,42,42,42,42,42,42,42,42,42,42,42,42,42,42,42,42,42,42,42,42,42,42,42,42,42,42,42,42,42,42,42,42,42,42,42,42,42,42,AAPL,Apple Inc.,2011-10-18T04:00:00.000Z,TAS,1.06,1.01,-4.54,EDT,-14400000,EQUITY
43,43,43,43,43,43,43,43,43,43,43,43,43,43,43,43,43,43,43,43,43,43,43,43,43,43,43,43,43,43,43,43,43,43,43,43,43,43,43,43,43,43,43,43,43,43,43,43,43,43,43,43,43,43,43,43,43,43,43,43,43,43,43,43,43,43,43,AAPL,Apple Inc.,2011-07-19T04:00:00.000Z,TAS,0.83,1.11,33.58,EDT,-14400000,EQUITY
44,44,44,44,44,44,44,44,44,44,44,44,44,44,44,44,44,44,44,44,44,44,44,44,44,44,44,44,44,44,44,44,44,44,44,44,44,44,44,44,44,44,44,44,44,44,44,44,44,44,44,44,44,44,44,44,44,44,44,44,44,44,44,44,44,44,44,AAPL,Apple Inc.,2011-04-20T04:00:00.000Z,TAS,0.77,0.91,19.09,EDT,-14400000,EQUITY
45,45,45,45,45,45,45,45,45,45,45,45,45,45,45,45,45,45,45,45,45,45,45,45,45,45,45,45,45,45,45,45,45,45,45,45,45,45,45,45,45,45,45,45,45,45,45,45,45,45,45,45,45,45,45,45,45,45,45,45,45,45,45,45,45,45,45,AAPL,Apple Inc.,2011-01-18T05:00:00.000Z,TAS,0.77,0.92,19.03,EST,-18000000,EQUITY
46,46,46,46,46,46,46,46,46,46,46,46,46,46,46,46,46,46,46,46,46,46,46,46,46,46,46,46,46,46,46,46,46,46,46,46,46,46,46,46,46,46,46,46,46,46,46,46,46,46,46,46,46,46,46,46,46,46,46,46,46,46,46,46,46,46,46,AAPL,Apple Inc.,2010-10-18T04:00:00.000Z,TAS,0.58,0.66,13.65,EDT,-14400000,EQUITY
47,47,47,47,47,47,47,47,47,47,47,47,47,47,47,47,47,47,47,47,47,47,47,47,47,47,47,47,47,47,47,47,47,47,47,47,47,47,47,47,47,47,47,47,47,47,47,47,47,47,47,47,47,47,47,47,47,47,47,47,47,47,47,47,47,47,47,AAPL,Apple Inc.,2010-07-20T04:00:00.000Z,TAS,0.44,0.5,12.68,EDT,-14400000,EQUITY
48,48,48,48,48,48,48,48,48,48,48,48,48,48,48,48,48,48,48,48,48,48,48,48,48,48,48,48,48,48,48,48,48,48,48,48,48,48,48,48,48,48,48,48,48,48,48,48,48,48,48,48,48,48,48,48,48,48,48,48,48,48,48,48,48,48,48,AAPL,Apple Inc.,2010-04-20T04:00:00.000Z,TAS,0.35,0.48,36.1,EDT,-14400000,EQUITY
49,49,49,49,49,49,49,49,49,49,49,49,49,49,49,49,49,49,49,49,49,49,49,49,49,49,49,49,49,49,49,49,49,49,49,49,49,49,49,49,49,49,49,49,49,49,49,49,49,49,49,49,49,49,49,49,49,49,49,49,49,49,49,49,49,49,49,AAPL,Apple Inc.,2010-01-25T05:00:00.000Z,TAS,0.3,0.52,76.0,EST,-18000000,EQUITY
50,50,50,50,50,50,50,50,50,50,50,50,50,50,50,50,50,50,50,50,50,50,50,50,50,50,50,50,50,50,50,50,50,50,50,50,50,50,50,50,50,50,50,50,50,50,50,50,50,50,50,50,50,50,50,50,50,50,50,50,50,50,50,50,50,50,50,AAPL,Apple Inc.,2009-10-19T04:00:00.000Z,TAS,0.2,0.26,27.8,EDT,-14400000,EQUITY
51,51,51,51,51,51,51,51,51,51,51,51,51,51,51,51,51,51,51,51,51,51,51,51,51,51,51,51,51,51,51,51,51,51,51,51,51,51,51,51,51,51,51,51,51,51,51,51,51,51,51,51,51,51,51,51,51,51,51,51,51,51,51,51,51,51,51,AAPL,Apple Inc.,2009-07-21T04:00:00.000Z,TAS,0.17,0.19,15.05,EDT,-14400000,EQUITY
52,52,52,52,52,52,52,52,52,52,52,52,52,52,52,52,52,52,52,52,52,52,52,52,52,52,52,52,52,52,52,52,52,52,52,52,52,52,52,52,52,52,52,52,52,52,52,52,52,52,52,52,52,52,52,52,52,52,52,52,52,52,52,52,52,52,52,AAPL,Apple Inc.,2009-04-22T04:00:00.000Z,TAS,0.16,0.19,22.05,EDT,-14400000,EQUITY
53,53,53,53,53,53,53,53,53,53,53,53,53,53,53,53,53,53,53,53,53,53,53,53,53,53,53,53,53,53,53,53,53,53,53,53,53,53,53,53,53,53,53,53,53,53,53,53,53,53,53,53,53,53,53,53,53,53,53,53,53,53,53,53,53,53,53,AAPL,Apple Inc.,2009-01-21T05:00:00.000Z,TAS,0.2,0.25,28.26,EST,-18000000,EQUITY
54,54,54,54,54,54,54,54,54,54,54,54,54,54,54,54,54,54,54,54,54,54,54,54,54,54,54,54,54,54,54,54,54,54,54,54,54,54,54,54,54,54,54,54,54,54,54,54,54,54,54,54,54,54,54,54,54,54,54,54,54,54,54,54,54,54,54,AAPL,Apple Inc.,2008-10-21T04:00:00.000Z,TAS,0.16,0.18,13.3,EDT,-14400000,EQUITY
55,55,55,55,55,55,55,55,55,55,55,55,55,55,55,55,55,55,55,55,55,55,55,55,55,55,55,55,55,55,55,55,55,55,55,55,55,55,55,55,55,55,55,55,55,55,55,55,55,55,55,55,55,55,55,55,55,55,55,55,55,55,55,55,55,55,55,AAPL,Apple Inc.,2008-07-21T04:00:00.000Z,TAS,0.15,0.17,10.4,EDT,-14400000,EQUITY
56,56,56,56,56,56,56,56,56,56,56,56,56,56,56,56,56,56,56,56,56,56,56,56,56,56,56,56,56,56,56,56,56,56,56,56,56,56,56,56,56,56,56,56,56,56,56,56,56,56,56,56,56,56,56,56,56,56,56,56,56,56,56,56,56,56,56,AAPL,Apple Inc.,2008-04-23T04:00:00.000Z,TAS,0.15,0.17,8.1,EDT,-14400000,EQUITY
57,57,57,57,57,57,57,57,57,57,57,57,57,57,57,57,57,57,57,57,57,57,57,57,57,57,57,57,57,57,57,57,57,57,57,57,57,57,57,57,57,57,57,57,57,57,57,57,57,57,57,57,57,57,57,57,57,57,57,57,57,57,57,57,57,57,57,AAPL,Apple Inc.,2008-01-22T05:00:00.000Z,TAS,0.23,0.25,8.86,EST,-18000000,EQUITY
58,58,58,58,58,58,58,58,58,58,58,58,58,58,58,58,58,58,58,58,58,58,58,58,58,58,58,58,58,58,58,58,58,58,58,58,58,58,58,58,58,58,58,58,58,58,58,58,58,58,58,58,58,58,58,58,58,58,58,58,58,58,58,58,58,58,58,AAPL,Apple Inc.,2007-10-22T04:00:00.000Z,TAS,0.12,0.14,17.88,EDT,-14400000,EQUITY
59,59,59,59,59,59,59,59,59,59,59,59,59,59,59,59,59,59,59,59,59,59,59,59,59,59,59,59,59,59,59,59,59,59,59,59,59,59,59,59,59,59,59,59,59,59,59,59,59,59,59,59,59,59,59,59,59,59,59,59,59,59,59,59,59,59,59,AAPL,Apple Inc.,2007-07-25T04:00:00.000Z,TAS,0.1,0.13,27.07,EDT,-14400000,EQUITY
60,60,60,60,60,60,60,60,60,60,60,60,60,60,60,60,60,60,60,60,60,60,60,60,60,60,60,60,60,60,60,60,60,60,60,60,60,60,60,60,60,60,60,60,60,60,60,60,60,60,60,60,60,60,60,60,60,60,60,60,60,60,60,60,60,60,60,AAPL,Apple Inc.,2007-04-25T04:00:00.000Z,TAS,0.09,0.12,35.94,EDT,-14400000,EQUITY
61,61,61,61,61,61,61,61,61,61,61,61,61,61,61,61,61,61,61,61,61,61,61,61,61,61,61,61,61,61,61,61,61,61,61,61,61,61,61,61,61,61,61,61,61,61,61,61,61,61,61,61,61,61,61,61,61,61,61,61,61,61,61,61,61,61,61,AAPL,Apple Inc.,2007-01-17T05:00:00.000Z,TAS,0.11,0.16,45.38,EST,-18000000,EQUITY
62,62,62,62,62,62,62,62,62,62,62,62,62,62,62,62,62,62,62,62,62,62,62,62,62,62,62,62,62,62,62,62,62,62,62,62,62,62,62,62,62,62,62,62,62,62,62,62,62,62,62,62,62,62,62,62,62,62,62,62,62,62,62,62,62,62,62,AAPL,Apple Inc.,2006-10-18T04:00:00.000Z,TAS,0.07,0.09,22.55,EDT,-14400000,EQUITY
63,63,63,63,63,63,63,63,63,63,63,63,63,63,63,63,63,63,63,63,63,63,63,63,63,63,63,63,63,63,63,63,63,63,63,63,63,63,63,63,63,63,63,63,63,63,63,63,63,63,63,63,63,63,63,63,63,63,63,63,63,63,63,63,63,63,63,AAPL,Apple Inc.,2006-07-19T04:00:00.000Z,TAS,0.06,0.08,22.85,EDT,-14400000,EQUITY
64,64,64,64,64,64,64,64,64,64,64,64,64,64,64,64,64,64,64,64,64,64,64,64,64,64,64,64,64,64,64,64,64,64,64,64,64,64,64,64,64,64,64,64,64,64,64,64,64,64,64,64,64,64,64,64,64,64,64,64,64,64,64,64,64,64,64,AAPL,Apple Inc.,2006-04-19T04:00:00.000Z,TAS,0.06,0.07,8.22,EDT,-14400000,EQUITY
65,65,65,65,65,65,65,65,65,65,65,65,65,65,65,65,65,65,65,65,65,65,65,65,65,65,65,65,65,65,65,65,65,65,65,65,65,65,65,65,65,65,65,65,65,65,65,65,65,65,65,65,65,65,65,65,65,65,65,65,65,65,65,65,65,65,65,AAPL,Apple Inc.,2006-01-18T05:00:00.000Z,TAS,0.09,0.09,7.09,EST,-18000000,EQUITY
66,66,66,66,66,66,66,66,66,66,66,66,66,66,66,66,66,66,66,66,66,66,66,66,66,66,66,66,66,66,66,66,66,66,66,66,66,66,66,66,66,66,66,66,66,66,66,66,66,66,66,66,66,66,66,66,66,66,66,66,66,66,66,66,66,66,66,AAPL,Apple Inc.,2005-10-11T04:00:00.000Z,TAS,0.05,0.05,2.16,EDT,-14400000,EQUITY
67,67,67,67,67,67,67,67,67,67,67,67,67,67,67,67,67,67,67,67,67,67,67,67,67,67,67,67,67,67,67,67,67,67,67,67,67,67,67,67,67,67,67,67,67,67,67,67,67,67,67,67,67,67,67,67,67,67,67,67,67,67,67,67,67,67,67,AAPL,Apple Inc.,2005-07-13T04:00:00.000Z,TAS,0.04,0.05,17.96,EDT,-14400000,EQUITY
68,68,68,68,68,68,68,68,68,68,68,68,68,68,68,68,68,68,68,68,68,68,68,68,68,68,68,68,68,68,68,68,68,68,68,68,68,68,68,68,68,68,68,68,68,68,68,68,68,68,68,68,68,68,68,68,68,68,68,68,68,68,68,68,68,68,68,AAPL,Apple Inc.,2005-04-13T04:00:00.000Z,TAS,0.03,0.05,39.69,EDT,-14400000,EQUITY
69,69,69,69,69,69,69,69,69,69,69,69,69,69,69,69,69,69,69,69,69,69,69,69,69,69,69,69,69,69,69,69,69,69,69,69,69,69,69,69,69,69,69,69,69,69,69,69,69,69,69,69,69,69,69,69,69,69,69,69,69,69,69,69,69,69,69,AAPL,Apple Inc.,2005-01-12T05:00:00.000Z,TAS,0.03,0.05,43.93,EST,-18000000,EQUITY
70,70,70,70,70,70,70,70,70,70,70,70,70,70,70,70,70,70,70,70,70,70,70,70,70,70,70,70,70,70,70,70,70,70,70,70,70,70,70,70,70,70,70,70,70,70,70,70,70,70,70,70,70,70,70,70,70,70,70,70,70,70,70,70,70,70,70,AAPL,Apple Inc.,2004-10-13T04:00:00.000Z,TAS,0.01,0.02,47.7,EDT,-14400000,EQUITY
71,71,71,71,71,71,71,71,71,71,71,71,71,71,71,71,71,71,71,71,71,71,71,71,71,71,71,71,71,71,71,71,71,71,71,71,71,71,71,71,71,71,71,71,71,71,71,71,71,71,71,71,71,71,71,71,71,71,71,71,71,71,71,71,71,71,71,AAPL,Apple Inc.,2004-07-14T04:00:00.000Z,TAS,0.01,0.01,14.96,EDT,-14400000,EQUITY
72,72,72,72,72,72,72,72,72,72,72,72,72,72,72,72,72,72,72,72,72,72,72,72,72,72,72,72,72,72,72,72,72,72,72,72,72,72,72,72,72,72,72,72,72,72,72,72,72,72,72,72,72,72,72,72,72,72,72,72,72,72,72,72,72,72,72,AAPL,Apple Inc.,2004-04-14T04:00:00.000Z,TAS,0.01,0.01,46.41,EDT,-14400000,EQUITY
73,73,73,73,73,73,73,73,73,73,73,73,73,73,73,73,73,73,73,73,73,73,73,73,73,73,73,73,73,73,73,73,73,73,73,73,73,73,73,73,73,73,73,73,73,73,73,73,73,73,73,73,73,73,73,73,73,73,73,73,73,73,73,73,73,73,73,AAPL,Apple Inc.,2004-01-14T05:00:00.000Z,TAS,0.01,0.01,9.38,EST,-18000000,EQUITY
74,74,74,74,74,74,74,74,74,74,74,74,74,74,74,74,74,74,74,74,74,74,74,74,74,74,74,74,74,74,74,74,74,74,74,74,74,74,74,74,74,74,74,74,74,74,74,74,74,74,74,74,74,74,74,74,74,74,74,74,74,74,74,74,74,74,74,AAPL,Apple Inc.,2003-10-15T04:00:00.000Z,TAS,0.0,0.01,20.46,EDT,-14400000,EQUITY
75,75,75,75,75,75,75,75,75,75,75,75,75,75,75,75,75,75,75,75,75,75,75,75,75,75,75,75,75,75,75,75,75,75,75,75,75,75,75,75,75,75,75,75,75,75,75,75,75,75,75,75,75,75,75,75,75,75,75,75,75,75,75,75,75,75,75,AAPL,Apple Inc.,2003-07-16T04:00:00.000Z,TAS,0.0,0.0,63.01,EDT,-14400000,EQUITY
76,76,76,76,76,76,76,76,76,76,76,76,76,76,76,76,76,76,76,76,76,76,76,76,76,76,76,76,76,76,76,76,76,76,76,76,76,76,76,76,76,76,76,76,76,76,76,76,76,76,76,76,76,76,76,76,76,76,76,76,76,76,76,76,76,76,76,AAPL,Apple Inc.,2003-04-16T04:00:00.000Z,TAS,0.0,0.0,100.0,EDT,-14400000,EQUITY
77,77,77,77,77,77,77,77,77,77,77,77,77,77,77,77,77,77,77,77,77,77,77,77,77,77,77,77,77,77,77,77,77,77,77,77,77,77,77,77,77,77,77,77,77,77,77,77,77,77,77,77,77,77,77,77,77,77,77,77,77,77,77,77,77,77,77,AAPL,Apple Inc.,2003-01-15T05:00:00.000Z,TAS,0.0,0.0,-47.8,EST,-18000000,EQUITY
78,78,78,78,78,78,78,78,78,78,78,78,78,78,78,78,78,78,78,78,78,78,78,78,78,78,78,78,78,78,78,78,78,78,78,78,78,78,78,78,78,78,78,78,78,78,78,78,78,78,78,78,78,78,78,78,78,78,78,78,78,78,78,78,78,78,78,AAPL,Apple Inc.,2002-10-16T04:00:00.000Z,TAS,0.0,0.0,-66.9,EDT,-14400000,EQUITY
79,79,79,79,79,79,79,79,79,79,79,79,79,79,79,79,79,79,79,79,79,79,79,79,79,79,79,79,79,79,79,79,79,79,79,79,79,79,79,79,79,79,79,79,79,79,79,79,79,79,79,79,79,79,79,79,79,79,79,79,79,79,79,79,79,79,79,AAPL,Apple Inc.,2002-07-16T04:00:00.000Z,TAS,0.01,0.01,3.04,EDT,-14400000,EQUITY
80,80,80,80,80,80,80,80,80,80,80,80,80,80,80,80,80,80,80,80,80,80,80,80,80,80,80,80,80,80,80,80,80,80,80,80,80,80,80,80,80,80,80,80,80,80,80,80,80,80,80,80,80,80,80,80,80,80,80,80,80,80,80,80,80,80,80,AAPL,Apple Inc.,2002-01-16T05:00:00.000Z,TAS,0.01,0.01,2.21,EST,-18000000,EQUITY
81,81,81,81,81,81,81,81,81,81,81,81,81,81,81,81,81,81,81,81,81,81,81,81,81,81,81,81,81,81,81,81,81,81,81,81,81,81,81,81,81,81,81,81,81,81,81,81,81,81,81,81,81,81,81,81,81,81,81,81,81,81,81,81,81,81,81,AAPL,Apple Inc.,2001-04-18T04:00:00.000Z,TAS,0.0,0.01,920.78,EDT,-14400000,EQUITY
82,82,82,82,82,82,82,82,82,82,82,82,82,82,82,82,82,82,82,82,82,82,82,82,82,82,82,82,82,82,82,82,82,82,82,82,82,82,82,82,82,82,82,82,82,82,82,82,82,82,82,82,82,82,82,82,82,82,82,82,82,82,82,82,82,82,82,AAPL,Apple Inc.,2000-10-18T04:00:00.000Z,TAS,0.01,0.01,-3.94,EDT,-14400000,EQUITY
83,83,83,83,83,83,83,83,83,83,83,83,83,83,83,83,83,83,83,83,83,83,83,83,83,83,83,83,83,83,83,83,83,83,83,83,83,83,83,83,83,83,83,83,83,83,83,83,83,83,83,83,83,83,83,83,83,83,83,83,83,83,83,83,83,83,83,AAPL,Apple Inc.,2000-07-18T04:00:00.000Z,TAS,0.03,0.03,3.01,EDT,-14400000,EQUITY
84,84,84,84,84,84,84,84,84,84,84,84,84,84,84,84,84,84,84,84,84,84,84,84,84,84,84,84,84,84,84,84,84,84,84,84,84,84,84,84,84,84,84,84,84,84,84,84,84,84,84,84,84,84,84,84,84,84,84,84,84,84,84,84,84,84,84,AAPL,Apple Inc.,2000-04-19T04:00:00.000Z,TAS,0.03,0.03,9.59,EDT,-14400000,EQUITY
85,85,85,85,85,85,85,85,85,85,85,85,85,85,85,85,85,85,85,85,85,85,85,85,85,85,85,85,85,85,85,85,85,85,85,85,85,85,85,85,85,85,85,85,85,85,85,85,85,85,85,85,85,85,85,85,85,85,85,85,85,85,85,85,85,85,85,AAPL,Apple Inc.,2000-01-19T05:00:00.000Z,TAS,0.03,0.04,11.14,EST,-18000000,EQUITY
86,86,86,86,86,86,86,86,86,86,86,86,86,86,86,86,86,86,86,86,86,86,86,86,86,86,86,86,86,86,86,86,86,86,86,86,86,86,86,86,86,86,86,86,86,86,86,86,86,86,86,86,86,86,86,86,86,86,86,86,86,86,86,86,86,86,86,AAPL,Apple Inc.,1999-10-13T04:00:00.000Z,TAS,0.02,0.02,12.69,EDT,-14400000,EQUITY
87,87,87,87,87,87,87,87,87,87,87,87,87,87,87,87,87,87,87,87,87,87,87,87,87,87,87,87,87,87,87,87,87,87,87,87,87,87,87,87,87,87,87,87,87,87,87,87,87,87,87,87,87,87,87,87,87,87,87,87,87,87,87,87,87,87,87,AAPL,Apple Inc.,1999-07-14T04:00:00.000Z,TAS,0.02,0.02,7.69,EDT,-14400000,EQUITY
88,88,88,88,88,88,88,88,88,88,88,88,88,88,88,88,88,88,88,88,88,88,88,88,88,88,88,88,88,88,88,88,88,88,88,88,88,88,88,88,88,88,88,88,88,88,88,88,88,88,88,88,88,88,88,88,88,88,88,88,88,88,88,88,88,88,88,AAPL,Apple Inc.,1999-04-14T04:00:00.000Z,TAS,0.02,0.02,19.24,EDT,-14400000,EQUITY
89,89,89,89,89,89,89,89,89,89,89,89,89,89,89,89,89,89,89,89,89,89,89,89,89,89,89,89,89,89,89,89,89,89,89,89,89,89,89,89,89,89,89,89,89,89,89,89,89,89,89,89,89,89,89,89,89,89,89,89,89,89,89,89,89,89,89,AAPL,Apple Inc.,1999-01-13T05:00:00.000Z,TAS,0.02,0.03,12.79,EST,-18000000,EQUITY
90,90,90,90,90,90,90,90,90,90,90,90,90,90,90,90,90,90,90,90,90,90,90,90,90,90,90,90,90,90,90,90,90,90,90,90,90,90,90,90,90,90,90,90,90,90,90,90,90,90,90,90,90,90,90,90,90,90,90,90,90,90,90,90,90,90,90,AAPL,Apple Inc.,1998-10-14T04:00:00.000Z,TAS,0.02,0.02,39.92,EDT,-14400000,EQUITY
91,91,91,91,91,91,91,91,91,91,91,91,91,91,91,91,91,91,91,91,91,91,91,91,91,91,91,91,91,91,91,91,91,91,91,91,91,91,91,91,91,91,91,91,91,91,91,91,91,91,91,91,91,91,91,91,91,91,91,91,91,91,91,91,91,91,91,AAPL,Apple Inc.,1998-07-15T04:00:00.000Z,TAS,0.01,0.02,68.49,EDT,-14400000,EQUITY
92,92,92,92,92,92,92,92,92,92,92,92,92,92,92,92,92,92,92,92,92,92,92,92,92,92,92,92,92,92,92,92,92,92,92,92,92,92,92,92,92,92,92,92,92,92,92,92,92,92,92,92,92,92,92,92,92,92,92,92,92,92,92,92,92,92,92,AAPL,Apple Inc.,1998-04-15T04:00:00.000Z,TAS,0.01,0.01,156.52,EDT,-14400000,EQUITY
93,93,93,93,93,93,93,93,93,93,93,93,93,93,93,93,93,93,93,93,93,93,93,93,93,93,93,93,93,93,93,93,93,93,93,93,93,93,93,93,93,93,93,93,93,93,93,93,93,93,93,93,93,93,93,93,93,93,93,93,93,93,93,93,93,93,93,AAPL,Apple Inc.,1998-01-14T05:00:00.000Z,TAS,0.01,0.01,22.3,EST,-18000000,EQUITY
94,94,94,94,94,94,94,94,94,94,94,94,94,94,94,94,94,94,94,94,94,94,94,94,94,94,94,94,94,94,94,94,94,94,94,94,94,94,94,94,94,94,94,94,94,94,94,94,94,94,94,94,94,94,94,94,94,94,94,94,94,94,94,94,94,94,94,AAPL,Apple Inc.,1997-10-15T04:00:00.000Z,TAS,0.0,0.0,-50.44,EDT,-14400000,EQUITY
95,95,95,95,95,95,95,95,95,95,95,95,95,95,95,95,95,95,95,95,95,95,95,95,95,95,95,95,95,95,95,95,95,95,95,95,95,95,95,95,95,95,95,95,95,95,95,95,95,95,95,95,95,95,95,95,95,95,95,95,95,95,95,95,95,95,95,AAPL,Apple Inc.,1997-07-16T04:00:00.000Z,TAS,-0.02,-0.02,26.79,EDT,-14400000,EQUITY
96,96,96,96,96,96,96,96,96,96,96,96,96,96,96,96,96,96,96,96,96,96,96,96,96,96,96,96,96,96,96,96,96,96,96,96,96,96,96,96,96,96,96,96,96,96,96,96,96,96,96,96,96,96,96,96,96,96,96,96,96,96,96,96,96,96,96,AAPL,Apple Inc.,1997-04-16T04:00:00.000Z,TAS,-0.04,-0.05,-18.29,EDT,-14400000,EQUITY
97,97,97,97,97,97,97,97,97,97,97,97,97,97,97,97,97,97,97,97,97,97,97,97,97,97,97,97,97,97,97,97,97,97,97,97,97,97,97,97,97,97,97,97,97,97,97,97,97,97,97,97,97,97,97,97,97,97,97,97,97,97,97,97,97,97,97,AAPL,Apple Inc.,1997-01-15T05:00:00.000Z,TAS,-0.02,-0.03,-48.31,EST,-18000000,EQUITY
98,98,98,98,98,98,98,98,98,98,98,98,98,98,98,98,98,98,98,98,98,98,98,98,98,98,98,98,98,98,98,98,98,98,98,98,98,98,98,98,98,98,98,98,98,98,98,98,98,98,98,98,98,98,98,98,98,98,98,98,98,98,98,98,98,98,98,AAPL,Apple Inc.,1996-10-16T04:00:00.000Z,TAS,-0.01,0.0,118.29,EDT,-14400000,EQUITY
99,99,99,99,99,99,99,99,99,99,99,99,99,99,99,99,99,99,99,99,99,99,99,99,99,99,99,99,99,99,99,99,99,99,99,99,99,99,99,99,99,99,99,99,99,99,99,99,99,99,99,99,99,99,99,99,99,99,99,99,99,99,99,99,99,99,99,AAPL,Apple Inc.,1996-07-17T04:00:00.000Z,TAS,-0.04,-0.02,51.62,EDT,-14400000,EQUITY
